﻿{
  "version": "1.0",
  "defaultProvider": "jsdelivr",
  "libraries": [
    {
      "library": "jquery@3.4.1",
      "destination": "wwwroot/lib/jquery/",
      "files": [
        "dist/jquery.min.js",
        "dist/jquery.js"
      ]
    },
    {
      "library": "bootstrap@4.4.1",
      "destination": "wwwroot/lib/bootstrap/",
      "files": [
        "dist/css/bootstrap.css",
        "dist/css/bootstrap.min.css",
        "dist/js/bootstrap.js",
        "dist/js/bootstrap.min.js"
      ]
    },
    {
      "library": "jquery-validation@1.19.1",
      "destination": "wwwroot/lib/jquery-validation/",
      "files": [
        "dist/jquery.validate.js",
        "dist/jquery.validate.min.js"
      ]
    },
    {
      "library": "jquery-validation-unobtrusive@3.2.11",
      "destination": "wwwroot/lib/jquery-validation-unobtrusive/",
      "files": [
        "dist/jquery.validate.unobtrusive.js",
        "dist/jquery.validate.unobtrusive.min.js"
      ]
    },
    {
      "library": "tinymce@5.2.1",
      "destination": "wwwroot/lib/tinymce/",
      "files": [
        "tinymce.min.js",
        "themes/silver/theme.min.js",
        "skins/ui/oxide/content.min.css",
        "skins/ui/oxide/skin.min.css",
        "skins/content/default/content.min.css",
        "plugins/image/plugin.min.js",
        "plugins/paste/plugin.min.js",
        "plugins/table/plugin.min.js",
        "plugins/link/plugin.min.js",
        "plugins/code/plugin.min.js",
        "plugins/media/plugin.min.js"
      ]
    },
    {
      "library": "moment@2.24.0",
      "destination": "wwwroot/lib/moment/",
      "files": [
        "min/moment-with-locales.min.js"
      ]
    }
  ]
}